"Text","Date","Time","Draft","Facebook","Twitter/X","LinkedIn","GBP","Instagram","Pinterest","TikTok","YouTube","Threads","Bluesky","Picture Url 1","Picture Url 2","Picture Url 3","Picture Url 4","Picture Url 5","Picture Url 6","Picture Url 7","Picture Url 8","Picture Url 9","Picture Url 10","Alt text picture 1","Alt text picture 2","Alt text picture 3","Alt text picture 4","Alt text picture 5","Alt text picture 6","Alt text picture 7","Alt text picture 8","Alt text picture 9","Alt text picture 10","Document title","Shortener","Video Thumbnail Url","Video Cover Frame","Twitter/X Can reply","Twitter/X Type","Twitter/X Poll Duration minutes","Twitter/X Poll Option 1","Twitter/X Poll Option 2","Twitter/X Poll Option 3","Twitter/X Poll Option 4","Pinterest Board","Pinterest Pin Title","Pinterest Pin Link","Pinterest Pin New Format","Instagram Post Type","Instagram Show Reel On Feed","YouTube Video Title","YouTube Video Type","YouTube Video Privacy","YouTube video for kids","YouTube Video Category","YouTube Video Tags","YouTube Playlist","YouTube Notify Subscribers","GBP Post Type","Facebook Post Type","Facebook Title","First Comment Text","TikTok Title","TikTok disable comments","TikTok disable duet","TikTok disable stitch","TikTok Post Privacy","TikTok Branded Content","TikTok Your Brand","TikTok Auto Add Music","TikTok Photo Cover Index","TikTok musicId","TikTok music title","TikTok music author","TikTok music previewUrl","TikTok music thumbnailUrl","TikTok music soundVolume","TikTok music originalVolume","TikTok music startMillis","TikTok music endMillis","LinkedIn Type","LinkedIn Poll Question","LinkedIn Poll Option 1","LinkedIn Poll Option 2","LinkedIn Poll Option 3","LinkedIn Poll Option 4","LinkedIn Poll Duration","LinkedIn Show link preview","LinkedIn Images as Carousel","Threads Reply Control","Threads Is Spoiler","Threads Post Type","Brand name"
"Empty shelves cost sales. Here is how Leap POS keeps them full, step by step. ➡️

✅ See stock per branch with low and out-of-stock flags
✅ Low stock & reorder suggests quantities per supplier
✅ Create purchase orders and follow their status
✅ Receive goods against the order: stock goes up in the right branch
✅ Track supplier invoices, balances and due dates

For shops that buy from many suppliers and hate running out.

💬 Message us on WhatsApp for a demo and a quote: https://wa.me/96178728894?text=Hello%20Leap%20POS%2C%20I%27d%20like%20to%20know%20more%20and%20book%20a%20demo.

#LeapPOS #RetailTech #ShopOwner","2026-10-26","19:30:00","TRUE","TRUE","FALSE","FALSE","FALSE","FALSE","FALSE","FALSE","FALSE","FALSE","FALSE","https://raw.githubusercontent.com/leapcoder-co/leap-pos-marketing/main/images/facebook/2026-10-26-stock-to-po-01-1080x1350.png","https://raw.githubusercontent.com/leapcoder-co/leap-pos-marketing/main/images/facebook/2026-10-26-stock-to-po-02-1080x1350.png","https://raw.githubusercontent.com/leapcoder-co/leap-pos-marketing/main/images/facebook/2026-10-26-stock-to-po-03-1080x1350.png","https://raw.githubusercontent.com/leapcoder-co/leap-pos-marketing/main/images/facebook/2026-10-26-stock-to-po-04-1080x1350.png","https://raw.githubusercontent.com/leapcoder-co/leap-pos-marketing/main/images/facebook/2026-10-26-stock-to-po-05-1080x1350.png","https://raw.githubusercontent.com/leapcoder-co/leap-pos-marketing/main/images/facebook/2026-10-26-stock-to-po-06-1080x1350.png","https://raw.githubusercontent.com/leapcoder-co/leap-pos-marketing/main/images/facebook/2026-10-26-stock-to-po-07-1080x1350.png","","","","Leap POS product screenshot","Leap POS product screenshot","Leap POS product screenshot","Leap POS product screenshot","Leap POS product screenshot","Leap POS product screenshot","Leap POS product screenshot","","","","","FALSE","","","","","","","","","","","","","","","","","","","","","","","","","POST","","","","","","","","","","","","","","","","","","","","","","","","","","","","","","","","",""
"Empty shelves cost sales. Here is how Leap POS keeps them full, step by step. ➡️

▪️ See stock per branch with low and out-of-stock flags
▪️ Low stock & reorder suggests quantities per supplier
▪️ Create purchase orders and follow their status
▪️ Receive goods against the order: stock goes up in the right branch
▪️ Track supplier invoices, balances and due dates

For shops that buy from many suppliers and hate running out.

👉 Message us on WhatsApp for a demo and a quote: tap the link in our bio (links in captions are not clickable on Instagram).

#Inventory #Purchasing #POS #PointOfSale #RetailTech #ShopOwner #SmallBusiness #Lebanon #Beirut #Dubai #UAE #KSA #Riyadh #Qatar","2026-10-26","20:30:00","TRUE","FALSE","FALSE","FALSE","FALSE","TRUE","FALSE","FALSE","FALSE","FALSE","FALSE","https://raw.githubusercontent.com/leapcoder-co/leap-pos-marketing/main/images/instagram/2026-10-26-stock-to-po-01-1080x1350.png","https://raw.githubusercontent.com/leapcoder-co/leap-pos-marketing/main/images/instagram/2026-10-26-stock-to-po-02-1080x1350.png","https://raw.githubusercontent.com/leapcoder-co/leap-pos-marketing/main/images/instagram/2026-10-26-stock-to-po-03-1080x1350.png","https://raw.githubusercontent.com/leapcoder-co/leap-pos-marketing/main/images/instagram/2026-10-26-stock-to-po-04-1080x1350.png","https://raw.githubusercontent.com/leapcoder-co/leap-pos-marketing/main/images/instagram/2026-10-26-stock-to-po-05-1080x1350.png","https://raw.githubusercontent.com/leapcoder-co/leap-pos-marketing/main/images/instagram/2026-10-26-stock-to-po-06-1080x1350.png","https://raw.githubusercontent.com/leapcoder-co/leap-pos-marketing/main/images/instagram/2026-10-26-stock-to-po-07-1080x1350.png","","","","Leap POS product screenshot","Leap POS product screenshot","Leap POS product screenshot","Leap POS product screenshot","Leap POS product screenshot","Leap POS product screenshot","Leap POS product screenshot","","","","","FALSE","","","","","","","","","","","","","","POST","","","","","","","","","","","","","","","","","","","","","","","","","","","","","","","","","","","","","","","","","","","",""
"From reorder point to supplier payable: the purchasing loop in Leap POS (document).

→ Stock per branch and location with reorder points
→ Reorder suggestions grouped by supplier
→ Purchase orders, receiving against orders, supplier invoices
→ Supplier balances and a payables schedule

For operations and procurement teams in multi-branch retail.

Message us on WhatsApp to book a demo and get a quote: https://wa.me/96178728894?text=Hello%20Leap%20POS%2C%20I%27d%20like%20to%20know%20more%20and%20book%20a%20demo.

#Inventory #Procurement #RetailOperations #RetailTech","2026-10-26","09:30:00","TRUE","FALSE","FALSE","TRUE","FALSE","FALSE","FALSE","FALSE","FALSE","FALSE","FALSE","https://raw.githubusercontent.com/leapcoder-co/leap-pos-marketing/main/images/linkedin/2026-10-26-stock-to-po-document.pdf","","","","","","","","","","","","","","","","","","","","From low stock to purchase order","FALSE","","","","","","","","","","","","","","","","","","","","","","","","","","","","","","","","","","","","","","","","","","","","","","POST","","","","","","","FALSE","","","","",""
"Stock → reorder → purchase order → receiving. Watch the whole loop. 📦

✅ Stock levels per branch at a glance
✅ Low stock list with suggested quantities
✅ Purchase orders with lines, costs and status
✅ Receiving updates stock in the right branch

For owners who want purchasing under control without spreadsheets.

💬 Message us on WhatsApp for a demo and a quote: https://wa.me/96178728894?text=Hello%20Leap%20POS%2C%20I%27d%20like%20to%20know%20more%20and%20book%20a%20demo.

#LeapPOS #RetailTech #ShopOwner","2026-10-27","19:30:00","TRUE","TRUE","FALSE","FALSE","FALSE","FALSE","FALSE","FALSE","FALSE","FALSE","FALSE","https://raw.githubusercontent.com/leapcoder-co/leap-pos-marketing/main/videos/facebook/g-stock-to-purchase-order-1080x1350.mp4","","","","","","","","","","","","","","","","","","","","","FALSE","","","","","","","","","","","","","","","","","","","","","","","","","POST","","","","","","","","","","","","","","","","","","","","","","","","","","","","","","","","",""
"Stock → reorder → purchase order → receiving. Watch the whole loop. 📦

▪️ Stock levels per branch at a glance
▪️ Low stock list with suggested quantities
▪️ Purchase orders with lines, costs and status
▪️ Receiving updates stock in the right branch

For owners who want purchasing under control without spreadsheets.

👉 Message us on WhatsApp for a demo and a quote: tap the link in our bio (links in captions are not clickable on Instagram).

#Inventory #StockControl #POS #PointOfSale #RetailTech #ShopOwner #SmallBusiness #Lebanon #Beirut #Dubai #UAE #KSA #Riyadh #Qatar","2026-10-27","20:30:00","TRUE","FALSE","FALSE","FALSE","FALSE","TRUE","FALSE","FALSE","FALSE","FALSE","FALSE","https://raw.githubusercontent.com/leapcoder-co/leap-pos-marketing/main/videos/instagram/g-stock-to-purchase-order-1080x1920.mp4","","","","","","","","","","","","","","","","","","","","","FALSE","","","","","","","","","","","","","","REEL","TRUE","","","","","","","","","","","","","","","","","","","","","","","","","","","","","","","","","","","","","","","","","","",""
"Inventory and purchasing in one flow, recorded in the Leap Management app.

→ Branch-level stock with low and out-of-stock flags
→ Reorder suggestions per supplier
→ Purchase order detail: lines, quantities, costs, status
→ Goods receiving against the order

For procurement and store operations leads.

Message us on WhatsApp to book a demo and get a quote: https://wa.me/96178728894?text=Hello%20Leap%20POS%2C%20I%27d%20like%20to%20know%20more%20and%20book%20a%20demo.

#Inventory #Procurement #RetailTech","2026-10-27","10:00:00","TRUE","FALSE","FALSE","TRUE","FALSE","FALSE","FALSE","FALSE","FALSE","FALSE","FALSE","https://raw.githubusercontent.com/leapcoder-co/leap-pos-marketing/main/videos/linkedin/g-stock-to-purchase-order-1920x1080.mp4","","","","","","","","","","","","","","","","","","","","","FALSE","","","","","","","","","","","","","","","","","","","","","","","","","","","","","","","","","","","","","","","","","","","","","","POST","","","","","","","FALSE","","","","",""
"""قديش حق هيدا؟"" خلّي الرف يجاوب. 🏷️

✔️ شاشة وماسح باركود داخل المتجر
✔️ امسح أي منتج: الاسم بالعربية والإنجليزية
✔️ السعر بالدولار مع ما يعادله بالليرة
✔️ دون تسجيل دخول، والأسعار حسب آخر مزامنة
✔️ ترجع الشاشة تلقائياً إلى ""امسح المنتج""

للسوبرماركت والمتاجر ذات الممرات الكبيرة والصندوق المزدحم.

💬 راسلنا على واتساب لعرض تجريبي وعرض سعر: https://wa.me/96178728894?text=%D9%85%D8%B1%D8%AD%D8%A8%D8%A7%D9%8B%20Leap%20POS%D8%8C%20%D8%A3%D9%88%D8%AF%20%D9%85%D8%B9%D8%B1%D9%81%D8%A9%20%D8%A7%D9%84%D9%85%D8%B2%D9%8A%D8%AF%20%D9%88%D8%AD%D8%AC%D8%B2%20%D8%B9%D8%B1%D8%B6%20%D8%AA%D8%AC%D8%B1%D9%8A%D8%A8%D9%8A.

#نقاط_البيع #لبنان #الخليج","2026-10-28","19:30:00","TRUE","TRUE","FALSE","FALSE","FALSE","FALSE","FALSE","FALSE","FALSE","FALSE","FALSE","https://raw.githubusercontent.com/leapcoder-co/leap-pos-marketing/main/images/facebook/2026-10-28-price-checker-ar-1080x1350.png","","","","","","","","","","لقطة شاشة من Leap POS","","","","","","","","","","","FALSE","","","","","","","","","","","","","","","","","","","","","","","","","POST","","","","","","","","","","","","","","","","","","","","","","","","","","","","","","","","",""
"""قديش حق هيدا؟"" خلّي الرف يجاوب. 🏷️

▪️ شاشة وماسح باركود داخل المتجر
▪️ امسح أي منتج: الاسم بالعربية والإنجليزية
▪️ السعر بالدولار مع ما يعادله بالليرة
▪️ دون تسجيل دخول، والأسعار حسب آخر مزامنة
▪️ ترجع الشاشة تلقائياً إلى ""امسح المنتج""

للسوبرماركت والمتاجر ذات الممرات الكبيرة والصندوق المزدحم.

👈 راسلنا على واتساب لعرض تجريبي وعرض سعر: الرابط في البايو (الروابط داخل المنشور غير قابلة للنقر على إنستغرام).

#سوبرماركت #نقاط_البيع #برنامج_كاشير #تجارة_التجزئة #لبنان #بيروت #دبي #الرياض #الدوحة #السعودية #قطر #الإمارات #POS","2026-10-28","20:30:00","TRUE","FALSE","FALSE","FALSE","FALSE","TRUE","FALSE","FALSE","FALSE","FALSE","FALSE","https://raw.githubusercontent.com/leapcoder-co/leap-pos-marketing/main/images/instagram/2026-10-28-price-checker-ar-1080x1350.png","","","","","","","","","","لقطة شاشة من Leap POS","","","","","","","","","","","FALSE","","","","","","","","","","","","","","POST","","","","","","","","","","","","","","","","","","","","","","","","","","","","","","","","","","","","","","","","","","","",""
"Who can give a discount, refund a sale or open the drawer? In Leap POS, you decide.

→ Built-in roles (owner, manager, cashier) and custom roles
→ Permissions per role, scoped to branches
→ Limits for discounts and refunds; above them, a manager approves with a PIN
→ Every approval is recorded: who, what, when

For owners who delegate the counter but keep control.

Message us on WhatsApp to book a demo and get a quote: https://wa.me/96178728894?text=Hello%20Leap%20POS%2C%20I%27d%20like%20to%20know%20more%20and%20book%20a%20demo.

#RetailTech #LossPrevention #PointOfSale","2026-10-28","10:00:00","TRUE","FALSE","FALSE","TRUE","FALSE","FALSE","FALSE","FALSE","FALSE","FALSE","FALSE","https://raw.githubusercontent.com/leapcoder-co/leap-pos-marketing/main/videos/linkedin/h-roles-permissions-1920x1080.mp4","","","","","","","","","","","","","","","","","","","","","FALSE","","","","","","","","","","","","","","","","","","","","","","","","","","","","","","","","","","","","","","","","","","","","","","POST","","","","","","","FALSE","","","","",""
"Every branch, every country, on one screen. 📊

✅ Home: today's sales in each currency at a glance
✅ Dashboard: sales, cash, stock alerts and what customers owe
✅ 60+ ready-made reports (sales, profit, stock, cash, tax)
✅ Country overview: Lebanon, UAE, KSA and Qatar side by side
✅ Daily trend converted to one reporting currency

For owners who want answers without calling every branch.

💬 Message us on WhatsApp for a demo and a quote: https://wa.me/96178728894?text=Hello%20Leap%20POS%2C%20I%27d%20like%20to%20know%20more%20and%20book%20a%20demo.

#LeapPOS #RetailTech #ShopOwner","2026-10-29","19:30:00","TRUE","TRUE","FALSE","FALSE","FALSE","FALSE","FALSE","FALSE","FALSE","FALSE","FALSE","https://raw.githubusercontent.com/leapcoder-co/leap-pos-marketing/main/videos/facebook/f-owner-dashboard-reports-1080x1350.mp4","","","","","","","","","","","","","","","","","","","","","FALSE","","","","","","","","","","","","","","","","","","","","","","","","","POST","","","","","","","","","","","","","","","","","","","","","","","","","","","","","","","","",""
"Every branch, every country, on one screen. 📊

▪️ Home: today's sales in each currency at a glance
▪️ Dashboard: sales, cash, stock alerts and what customers owe
▪️ 60+ ready-made reports (sales, profit, stock, cash, tax)
▪️ Country overview: Lebanon, UAE, KSA and Qatar side by side
▪️ Daily trend converted to one reporting currency

For owners who want answers without calling every branch.

👉 Message us on WhatsApp for a demo and a quote: tap the link in our bio (links in captions are not clickable on Instagram).

#BusinessReports #Dashboard #POS #PointOfSale #RetailTech #ShopOwner #SmallBusiness #Lebanon #Beirut #Dubai #UAE #KSA #Riyadh #Qatar","2026-10-29","20:30:00","TRUE","FALSE","FALSE","FALSE","FALSE","TRUE","FALSE","FALSE","FALSE","FALSE","FALSE","https://raw.githubusercontent.com/leapcoder-co/leap-pos-marketing/main/videos/instagram/f-owner-dashboard-reports-1080x1920.mp4","","","","","","","","","","","","","","","","","","","","","FALSE","","","","","","","","","","","","","","REEL","TRUE","","","","","","","","","","","","","","","","","","","","","","","","","","","","","","","","","","","","","","","","","","",""
"تقارير موحّدة لمتاجر في أربع دول، من دون جداول Excel.

→ الصفحة الرئيسية: مبيعات اليوم بكل عملة
→ لوحة التحكم: المبيعات والنقد وتنبيهات المخزون والذمم
→ نظرة عامة حسب البلد ومقارنة الفروع بعملة تقارير واحدة
→ أكثر من 60 تقريراً جاهزاً مع التصدير والجدولة

لأصحاب المجموعات ومسؤولي المالية.

راسلونا على واتساب لحجز عرض تجريبي والحصول على عرض سعر: https://wa.me/96178728894?text=%D9%85%D8%B1%D8%AD%D8%A8%D8%A7%D9%8B%20Leap%20POS%D8%8C%20%D8%A3%D9%88%D8%AF%20%D9%85%D8%B9%D8%B1%D9%81%D8%A9%20%D8%A7%D9%84%D9%85%D8%B2%D9%8A%D8%AF%20%D9%88%D8%AD%D8%AC%D8%B2%20%D8%B9%D8%B1%D8%B6%20%D8%AA%D8%AC%D8%B1%D9%8A%D8%A8%D9%8A.

#تقارير #RetailTech #BusinessIntelligence","2026-10-29","09:30:00","TRUE","FALSE","FALSE","TRUE","FALSE","FALSE","FALSE","FALSE","FALSE","FALSE","FALSE","https://raw.githubusercontent.com/leapcoder-co/leap-pos-marketing/main/videos/linkedin/f-owner-dashboard-reports-1920x1080.mp4","","","","","","","","","","","","","","","","","","","","","FALSE","","","","","","","","","","","","","","","","","","","","","","","","","","","","","","","","","","","","","","","","","","","","","","POST","","","","","","","FALSE","","","","",""
"ستوري: اضغط على ملصق الرابط للتواصل معنا على واتساب.","2026-10-30","18:00:00","TRUE","FALSE","FALSE","FALSE","FALSE","TRUE","FALSE","FALSE","FALSE","FALSE","FALSE","https://raw.githubusercontent.com/leapcoder-co/leap-pos-marketing/main/images/instagram/2026-10-30-price-checker-ar-1080x1920.png","","","","","","","","","","لقطة شاشة من Leap POS","","","","","","","","","","","FALSE","","","","","","","","","","","","","","STORY","","","","","","","","","","","","","","","","","","","","","","","","","","","","","","","","","","","","","","","","","","","",""
"""قديش حق هيدا؟"" خلّي الرف يجاوب. 🏷️

✔️ شاشة وماسح باركود داخل المتجر
✔️ امسح أي منتج: الاسم بالعربية والإنجليزية
✔️ السعر بالدولار مع ما يعادله بالليرة
✔️ دون تسجيل دخول، والأسعار حسب آخر مزامنة
✔️ ترجع الشاشة تلقائياً إلى ""امسح المنتج""

للسوبرماركت والمتاجر ذات الممرات الكبيرة والصندوق المزدحم.

💬 راسلنا على واتساب لعرض تجريبي وعرض سعر: https://wa.me/96178728894?text=%D9%85%D8%B1%D8%AD%D8%A8%D8%A7%D9%8B%20Leap%20POS%D8%8C%20%D8%A3%D9%88%D8%AF%20%D9%85%D8%B9%D8%B1%D9%81%D8%A9%20%D8%A7%D9%84%D9%85%D8%B2%D9%8A%D8%AF%20%D9%88%D8%AD%D8%AC%D8%B2%20%D8%B9%D8%B1%D8%B6%20%D8%AA%D8%AC%D8%B1%D9%8A%D8%A8%D9%8A.

#نقاط_البيع #لبنان #الخليج","2026-10-30","18:00:00","TRUE","TRUE","FALSE","FALSE","FALSE","FALSE","FALSE","FALSE","FALSE","FALSE","FALSE","https://raw.githubusercontent.com/leapcoder-co/leap-pos-marketing/main/images/facebook/2026-10-30-price-checker-ar-1080x1920.png","","","","","","","","","","لقطة شاشة من Leap POS","","","","","","","","","","","FALSE","","","","","","","","","","","","","","","","","","","","","","","","","STORY","","","","","","","","","","","","","","","","","","","","","","","","","","","","","","","","",""
"Leap POS بالعربية… وبالوضع الداكن كمان. 🌙

✔️ لوحة الإدارة كاملة بالعربية: الرئيسية ولوحة التحكم والتقارير
✔️ الصندوق من اليمين إلى اليسار، والأرقام واضحة من اليسار إلى اليمين
✔️ الدفع بالدولار والليرة مع حساب الباقي
✔️ إيصال ضريبي واضح بأسماء المنتجات بالعربية والإنجليزية

لكل فريق يفضّل العمل بالعربية.

💬 راسلنا على واتساب لعرض تجريبي وعرض سعر: https://wa.me/96178728894?text=%D9%85%D8%B1%D8%AD%D8%A8%D8%A7%D9%8B%20Leap%20POS%D8%8C%20%D8%A3%D9%88%D8%AF%20%D9%85%D8%B9%D8%B1%D9%81%D8%A9%20%D8%A7%D9%84%D9%85%D8%B2%D9%8A%D8%AF%20%D9%88%D8%AD%D8%AC%D8%B2%20%D8%B9%D8%B1%D8%B6%20%D8%AA%D8%AC%D8%B1%D9%8A%D8%A8%D9%8A.

#نقاط_البيع #لبنان #الخليج","2026-10-31","12:30:00","TRUE","TRUE","FALSE","FALSE","FALSE","FALSE","FALSE","FALSE","FALSE","FALSE","FALSE","https://raw.githubusercontent.com/leapcoder-co/leap-pos-marketing/main/videos/facebook/j-arabic-dark-tour-1080x1350.mp4","","","","","","","","","","","","","","","","","","","","","FALSE","","","","","","","","","","","","","","","","","","","","","","","","","POST","","","","","","","","","","","","","","","","","","","","","","","","","","","","","","","","",""
"Leap POS بالعربية… وبالوضع الداكن كمان. 🌙

▪️ لوحة الإدارة كاملة بالعربية: الرئيسية ولوحة التحكم والتقارير
▪️ الصندوق من اليمين إلى اليسار، والأرقام واضحة من اليسار إلى اليمين
▪️ الدفع بالدولار والليرة مع حساب الباقي
▪️ إيصال ضريبي واضح بأسماء المنتجات بالعربية والإنجليزية

لكل فريق يفضّل العمل بالعربية.

👈 راسلنا على واتساب لعرض تجريبي وعرض سعر: الرابط في البايو (الروابط داخل المنشور غير قابلة للنقر على إنستغرام).

#الوضع_الداكن #نقاط_البيع #برنامج_كاشير #تجارة_التجزئة #لبنان #بيروت #دبي #الرياض #الدوحة #السعودية #قطر #الإمارات #POS","2026-10-31","13:00:00","TRUE","FALSE","FALSE","FALSE","FALSE","TRUE","FALSE","FALSE","FALSE","FALSE","FALSE","https://raw.githubusercontent.com/leapcoder-co/leap-pos-marketing/main/videos/instagram/j-arabic-dark-tour-1080x1920.mp4","","","","","","","","","","","","","","","","","","","","","FALSE","","","","","","","","","","","","","","REEL","TRUE","","","","","","","","","","","","","","","","","","","","","","","","","","","","","","","","","","","","","","","","","","",""
"Trust your team. Keep the final say. 🔐

✅ Roles decide what each person can do
✅ Discount and refund limits per role
✅ Above a limit, a manager approves on the till with a PIN
✅ Each approval is single-use and logged
✅ Full audit log: who did what, and when

For owners who cannot be at every counter all day.

💬 Message us on WhatsApp for a demo and a quote: https://wa.me/96178728894?text=Hello%20Leap%20POS%2C%20I%27d%20like%20to%20know%20more%20and%20book%20a%20demo.

#LeapPOS #RetailTech #ShopOwner","2026-11-02","19:30:00","TRUE","TRUE","FALSE","FALSE","FALSE","FALSE","FALSE","FALSE","FALSE","FALSE","FALSE","https://raw.githubusercontent.com/leapcoder-co/leap-pos-marketing/main/images/facebook/2026-11-02-permissions-1080x1350.png","","","","","","","","","","Leap POS product screenshot","","","","","","","","","","","FALSE","","","","","","","","","","","","","","","","","","","","","","","","","POST","","","","","","","","","","","","","","","","","","","","","","","","","","","","","","","","",""
"Trust your team. Keep the final say. 🔐

▪️ Roles decide what each person can do
▪️ Discount and refund limits per role
▪️ Above a limit, a manager approves on the till with a PIN
▪️ Each approval is single-use and logged
▪️ Full audit log: who did what, and when

For owners who cannot be at every counter all day.

👉 Message us on WhatsApp for a demo and a quote: tap the link in our bio (links in captions are not clickable on Instagram).

#LossPrevention #TeamManagement #POS #PointOfSale #RetailTech #ShopOwner #SmallBusiness #Lebanon #Beirut #Dubai #UAE #KSA #Riyadh #Qatar","2026-11-02","20:30:00","TRUE","FALSE","FALSE","FALSE","FALSE","TRUE","FALSE","FALSE","FALSE","FALSE","FALSE","https://raw.githubusercontent.com/leapcoder-co/leap-pos-marketing/main/images/instagram/2026-11-02-permissions-1080x1350.png","","","","","","","","","","Leap POS product screenshot","","","","","","","","","","","FALSE","","","","","","","","","","","","","","POST","","","","","","","","","","","","","","","","","","","","","","","","","","","","","","","","","","","","","","","","","","","",""
"Delegation with control: how Leap POS handles permissions at the till.

→ Role-based permissions enforced by the server, not just hidden in the UI
→ Thresholds for discounts and refunds
→ Manager approval by PIN, bound to the exact amount and sale
→ Audit events written with every sensitive action

For owners, auditors and loss-prevention teams.

Message us on WhatsApp to book a demo and get a quote: https://wa.me/96178728894?text=Hello%20Leap%20POS%2C%20I%27d%20like%20to%20know%20more%20and%20book%20a%20demo.

#LossPrevention #RetailTech #Governance","2026-11-02","09:30:00","TRUE","FALSE","FALSE","TRUE","FALSE","FALSE","FALSE","FALSE","FALSE","FALSE","FALSE","https://raw.githubusercontent.com/leapcoder-co/leap-pos-marketing/main/images/linkedin/2026-11-02-permissions-1200x627.png","","","","","","","","","","Leap POS product screenshot","","","","","","","","","","","FALSE","","","","","","","","","","","","","","","","","","","","","","","","","","","","","","","","","","","","","","","","","","","","","","POST","","","","","","","FALSE","","","","",""
"Scan. See the price. That's it. 📟

✅ Customers check prices without queuing at the till
✅ Bilingual product names
✅ Price in USD with the LBP equivalent
✅ Runs on a screen with a barcode scanner

For shops where ""how much is this?"" interrupts the cashier all day.

💬 Message us on WhatsApp for a demo and a quote: https://wa.me/96178728894?text=Hello%20Leap%20POS%2C%20I%27d%20like%20to%20know%20more%20and%20book%20a%20demo.

#LeapPOS #RetailTech #ShopOwner","2026-11-03","19:30:00","TRUE","TRUE","FALSE","FALSE","FALSE","FALSE","FALSE","FALSE","FALSE","FALSE","FALSE","https://raw.githubusercontent.com/leapcoder-co/leap-pos-marketing/main/videos/facebook/e-price-checker-1080x1350.mp4","","","","","","","","","","","","","","","","","","","","","FALSE","","","","","","","","","","","","","","","","","","","","","","","","","POST","","","","","","","","","","","","","","","","","","","","","","","","","","","","","","","","",""
"Scan. See the price. That's it. 📟

▪️ Customers check prices without queuing at the till
▪️ Bilingual product names
▪️ Price in USD with the LBP equivalent
▪️ Runs on a screen with a barcode scanner

For shops where ""how much is this?"" interrupts the cashier all day.

👉 Message us on WhatsApp for a demo and a quote: tap the link in our bio (links in captions are not clickable on Instagram).

#PriceChecker #Supermarket #POS #PointOfSale #RetailTech #ShopOwner #SmallBusiness #Lebanon #Beirut #Dubai #UAE #KSA #Riyadh #Qatar","2026-11-03","20:30:00","TRUE","FALSE","FALSE","FALSE","FALSE","TRUE","FALSE","FALSE","FALSE","FALSE","FALSE","https://raw.githubusercontent.com/leapcoder-co/leap-pos-marketing/main/videos/instagram/e-price-checker-1080x1920.mp4","","","","","","","","","","","","","","","","","","","","","FALSE","","","","","","","","","","","","","","REEL","TRUE","","","","","","","","","","","","","","","","","","","","","","","","","","","","","","","","","","","","","","","","","","",""
"Self-service price checking, recorded on the product.

→ Kiosk mode with no sign-in
→ Bilingual names and dual-currency prices
→ Prices from the latest sync; shows when the catalog is stale
→ Automatically resets for the next shopper

For supermarket and large-format retail operators.

Message us on WhatsApp to book a demo and get a quote: https://wa.me/96178728894?text=Hello%20Leap%20POS%2C%20I%27d%20like%20to%20know%20more%20and%20book%20a%20demo.

#RetailTech #CustomerExperience #Supermarket","2026-11-03","10:00:00","TRUE","FALSE","FALSE","TRUE","FALSE","FALSE","FALSE","FALSE","FALSE","FALSE","FALSE","https://raw.githubusercontent.com/leapcoder-co/leap-pos-marketing/main/videos/linkedin/e-price-checker-1920x1080.mp4","","","","","","","","","","","","","","","","","","","","","FALSE","","","","","","","","","","","","","","","","","","","","","","","","","","","","","","","","","","","","","","","","","","","","","","POST","","","","","","","FALSE","","","","",""
"Desktop app or browser? Your choice, per till. 💻🌐

✅ Desktop app for the counter PC with printer and drawer
✅ Web POS that runs in a browser
✅ Same screens, same keyboard shortcuts
✅ Both keep selling offline and sync later

For shops adding a till without adding complexity.

💬 Message us on WhatsApp for a demo and a quote: https://wa.me/96178728894?text=Hello%20Leap%20POS%2C%20I%27d%20like%20to%20know%20more%20and%20book%20a%20demo.

#LeapPOS #RetailTech #ShopOwner","2026-11-04","19:30:00","TRUE","TRUE","FALSE","FALSE","FALSE","FALSE","FALSE","FALSE","FALSE","FALSE","FALSE","https://raw.githubusercontent.com/leapcoder-co/leap-pos-marketing/main/videos/facebook/i-web-and-desktop-1080x1350.mp4","","","","","","","","","","","","","","","","","","","","","FALSE","","","","","","","","","","","","","","","","","","","","","","","","","POST","","","","","","","","","","","","","","","","","","","","","","","","","","","","","","","","",""
"Desktop app or browser? Your choice, per till. 💻🌐

▪️ Desktop app for the counter PC with printer and drawer
▪️ Web POS that runs in a browser
▪️ Same screens, same keyboard shortcuts
▪️ Both keep selling offline and sync later

For shops adding a till without adding complexity.

👉 Message us on WhatsApp for a demo and a quote: tap the link in our bio (links in captions are not clickable on Instagram).

#WebPOS #CloudPOS #POS #PointOfSale #RetailTech #ShopOwner #SmallBusiness #Lebanon #Beirut #Dubai #UAE #KSA #Riyadh #Qatar","2026-11-04","20:30:00","TRUE","FALSE","FALSE","FALSE","FALSE","TRUE","FALSE","FALSE","FALSE","FALSE","FALSE","https://raw.githubusercontent.com/leapcoder-co/leap-pos-marketing/main/videos/instagram/i-web-and-desktop-1080x1920.mp4","","","","","","","","","","","","","","","","","","","","","FALSE","","","","","","","","","","","","","","REEL","TRUE","","","","","","","","","","","","","","","","","","","","","","","","","","","","","","","","","","","","","","","","","","",""
"One renderer, two runtimes: the Leap POS desktop app and the new web POS, side by side.

→ Desktop app for counters with local hardware
→ Web POS in the browser, with local storage for offline selling
→ Identical workflows, so training happens once
→ Head office sees both kinds of terminal in one fleet view

For IT and operations leads planning till rollouts.

Message us on WhatsApp to book a demo and get a quote: https://wa.me/96178728894?text=Hello%20Leap%20POS%2C%20I%27d%20like%20to%20know%20more%20and%20book%20a%20demo.

#RetailTech #WebPOS #PointOfSale","2026-11-04","10:00:00","TRUE","FALSE","FALSE","TRUE","FALSE","FALSE","FALSE","FALSE","FALSE","FALSE","FALSE","https://raw.githubusercontent.com/leapcoder-co/leap-pos-marketing/main/videos/linkedin/i-web-and-desktop-1920x1080.mp4","","","","","","","","","","","","","","","","","","","","","FALSE","","","","","","","","","","","","","","","","","","","","","","","","","","","","","","","","","","","","","","","","","","","","","","POST","","","","","","","FALSE","","","","",""
"نهاية اليوم من دون تخمين. ✅

✔️ عدّ أعمى: أمين الصندوق يعدّ الأوراق والمبالغ المتوقعة مخفية
✔️ عدّ لكل عملة (دولار وليرة)
✔️ تقرير Z: المبيعات والخصومات والضريبة والدفعات والباقي
✔️ المتوقع مقابل المعدود مع إظهار الفرق
✔️ اطبع تقرير Z أو اعثر عليه لاحقاً في لوحة الإدارة

لأصحاب المتاجر الذين يريدون إغلاقاً نظيفاً كل ليلة.

💬 راسلنا على واتساب لعرض تجريبي وعرض سعر: https://wa.me/96178728894?text=%D9%85%D8%B1%D8%AD%D8%A8%D8%A7%D9%8B%20Leap%20POS%D8%8C%20%D8%A3%D9%88%D8%AF%20%D9%85%D8%B9%D8%B1%D9%81%D8%A9%20%D8%A7%D9%84%D9%85%D8%B2%D9%8A%D8%AF%20%D9%88%D8%AD%D8%AC%D8%B2%20%D8%B9%D8%B1%D8%B6%20%D8%AA%D8%AC%D8%B1%D9%8A%D8%A8%D9%8A.

#نقاط_البيع #لبنان #الخليج","2026-11-05","19:30:00","TRUE","TRUE","FALSE","FALSE","FALSE","FALSE","FALSE","FALSE","FALSE","FALSE","FALSE","https://raw.githubusercontent.com/leapcoder-co/leap-pos-marketing/main/images/facebook/2026-11-05-z-report-ar-1080x1350.png","","","","","","","","","","لقطة شاشة من Leap POS","","","","","","","","","","","FALSE","","","","","","","","","","","","","","","","","","","","","","","","","POST","","","","","","","","","","","","","","","","","","","","","","","","","","","","","","","","",""
"نهاية اليوم من دون تخمين. ✅

▪️ عدّ أعمى: أمين الصندوق يعدّ الأوراق والمبالغ المتوقعة مخفية
▪️ عدّ لكل عملة (دولار وليرة)
▪️ تقرير Z: المبيعات والخصومات والضريبة والدفعات والباقي
▪️ المتوقع مقابل المعدود مع إظهار الفرق
▪️ اطبع تقرير Z أو اعثر عليه لاحقاً في لوحة الإدارة

لأصحاب المتاجر الذين يريدون إغلاقاً نظيفاً كل ليلة.

👈 راسلنا على واتساب لعرض تجريبي وعرض سعر: الرابط في البايو (الروابط داخل المنشور غير قابلة للنقر على إنستغرام).

#إدارة_النقد #نقاط_البيع #برنامج_كاشير #تجارة_التجزئة #لبنان #بيروت #دبي #الرياض #الدوحة #السعودية #قطر #الإمارات #POS","2026-11-05","20:30:00","TRUE","FALSE","FALSE","FALSE","FALSE","TRUE","FALSE","FALSE","FALSE","FALSE","FALSE","https://raw.githubusercontent.com/leapcoder-co/leap-pos-marketing/main/images/instagram/2026-11-05-z-report-ar-1080x1350.png","","","","","","","","","","لقطة شاشة من Leap POS","","","","","","","","","","","FALSE","","","","","","","","","","","","","","POST","","","","","","","","","","","","","","","","","","","","","","","","","","","","","","","","","","","","","","","","","","","",""
"رقابة نقدية تصمد أمام التدقيق: إغلاق الوردية في Leap POS.

→ عدّ أعمى للصندوق لكل عملة
→ تقرير Z بالمبيعات والخصومات والضريبة والدفعات والتقريب والباقي
→ المتوقع مقابل المعدود لكل عملة مع إظهار الفروقات
→ أرشيف الورديات وتقارير Z متاح للإدارة

لفرق المالية ومنع الخسائر.

راسلونا على واتساب لحجز عرض تجريبي والحصول على عرض سعر: https://wa.me/96178728894?text=%D9%85%D8%B1%D8%AD%D8%A8%D8%A7%D9%8B%20Leap%20POS%D8%8C%20%D8%A3%D9%88%D8%AF%20%D9%85%D8%B9%D8%B1%D9%81%D8%A9%20%D8%A7%D9%84%D9%85%D8%B2%D9%8A%D8%AF%20%D9%88%D8%AD%D8%AC%D8%B2%20%D8%B9%D8%B1%D8%B6%20%D8%AA%D8%AC%D8%B1%D9%8A%D8%A8%D9%8A.

#إدارة_النقد #RetailTech #LossPrevention","2026-11-05","09:30:00","TRUE","FALSE","FALSE","TRUE","FALSE","FALSE","FALSE","FALSE","FALSE","FALSE","FALSE","https://raw.githubusercontent.com/leapcoder-co/leap-pos-marketing/main/images/linkedin/2026-11-05-z-report-ar-1200x627.png","","","","","","","","","","لقطة شاشة من Leap POS","","","","","","","","","","","FALSE","","","","","","","","","","","","","","","","","","","","","","","","","","","","","","","","","","","","","","","","","","","","","","POST","","","","","","","FALSE","","","","",""
"Story: add a Link sticker pointing to the WhatsApp link below.","2026-11-06","18:00:00","TRUE","FALSE","FALSE","FALSE","FALSE","TRUE","FALSE","FALSE","FALSE","FALSE","FALSE","https://raw.githubusercontent.com/leapcoder-co/leap-pos-marketing/main/images/instagram/2026-11-06-book-demo-1080x1920.png","","","","","","","","","","Leap POS product screenshot","","","","","","","","","","","FALSE","","","","","","","","","","","","","","STORY","","","","","","","","","","","","","","","","","","","","","","","","","","","","","","","","","","","","","","","","","","","",""
"Thinking about a new POS? See Leap POS working for your kind of shop. 🗓️

✅ Selling at the counter, online or offline
✅ Your country's currency and tax
✅ Stock, purchasing and cash control
✅ Owner dashboard and reports
✅ Arabic and English

Tell us your shop type, country and number of branches, and we will set up a demo.

💬 Message us on WhatsApp for a demo and a quote: https://wa.me/96178728894?text=Hello%20Leap%20POS%2C%20I%27d%20like%20to%20know%20more%20and%20book%20a%20demo.

#LeapPOS #RetailTech #ShopOwner","2026-11-06","18:00:00","TRUE","TRUE","FALSE","FALSE","FALSE","FALSE","FALSE","FALSE","FALSE","FALSE","FALSE","https://raw.githubusercontent.com/leapcoder-co/leap-pos-marketing/main/images/facebook/2026-11-06-book-demo-1080x1920.png","","","","","","","","","","Leap POS product screenshot","","","","","","","","","","","FALSE","","","","","","","","","","","","","","","","","","","","","","","","","STORY","","","","","","","","","","","","","","","","","","","","","","","","","","","","","","","","",""
"من وراء الكواليس: كيف صممنا Leap POS للعربية من اليوم الأول. اسحب ⬅️

✔️ الواجهة كاملة من اليمين إلى اليسار
✔️ الأرقام والمبالغ تبقى واضحة من اليسار إلى اليمين
✔️ لوحة الإدارة والتقارير بالعربية
✔️ شاشة الزبون باللغتين
✔️ وضع فاتح أو داكن لكل مستخدم

لأننا نؤمن أن نظام البيع في منطقتنا لازم يحكي لغتنا.

💬 راسلنا على واتساب لعرض تجريبي وعرض سعر: https://wa.me/96178728894?text=%D9%85%D8%B1%D8%AD%D8%A8%D8%A7%D9%8B%20Leap%20POS%D8%8C%20%D8%A3%D9%88%D8%AF%20%D9%85%D8%B9%D8%B1%D9%81%D8%A9%20%D8%A7%D9%84%D9%85%D8%B2%D9%8A%D8%AF%20%D9%88%D8%AD%D8%AC%D8%B2%20%D8%B9%D8%B1%D8%B6%20%D8%AA%D8%AC%D8%B1%D9%8A%D8%A8%D9%8A.

#نقاط_البيع #لبنان #الخليج","2026-11-07","12:30:00","TRUE","TRUE","FALSE","FALSE","FALSE","FALSE","FALSE","FALSE","FALSE","FALSE","FALSE","https://raw.githubusercontent.com/leapcoder-co/leap-pos-marketing/main/images/facebook/2026-11-07-arabic-bts-01-1080x1350.png","https://raw.githubusercontent.com/leapcoder-co/leap-pos-marketing/main/images/facebook/2026-11-07-arabic-bts-02-1080x1350.png","https://raw.githubusercontent.com/leapcoder-co/leap-pos-marketing/main/images/facebook/2026-11-07-arabic-bts-03-1080x1350.png","https://raw.githubusercontent.com/leapcoder-co/leap-pos-marketing/main/images/facebook/2026-11-07-arabic-bts-04-1080x1350.png","https://raw.githubusercontent.com/leapcoder-co/leap-pos-marketing/main/images/facebook/2026-11-07-arabic-bts-05-1080x1350.png","https://raw.githubusercontent.com/leapcoder-co/leap-pos-marketing/main/images/facebook/2026-11-07-arabic-bts-06-1080x1350.png","https://raw.githubusercontent.com/leapcoder-co/leap-pos-marketing/main/images/facebook/2026-11-07-arabic-bts-07-1080x1350.png","","","","لقطة شاشة من Leap POS","لقطة شاشة من Leap POS","لقطة شاشة من Leap POS","لقطة شاشة من Leap POS","لقطة شاشة من Leap POS","لقطة شاشة من Leap POS","لقطة شاشة من Leap POS","","","","","FALSE","","","","","","","","","","","","","","","","","","","","","","","","","POST","","","","","","","","","","","","","","","","","","","","","","","","","","","","","","","","",""
"من وراء الكواليس: كيف صممنا Leap POS للعربية من اليوم الأول. اسحب ⬅️

▪️ الواجهة كاملة من اليمين إلى اليسار
▪️ الأرقام والمبالغ تبقى واضحة من اليسار إلى اليمين
▪️ لوحة الإدارة والتقارير بالعربية
▪️ شاشة الزبون باللغتين
▪️ وضع فاتح أو داكن لكل مستخدم

لأننا نؤمن أن نظام البيع في منطقتنا لازم يحكي لغتنا.

👈 راسلنا على واتساب لعرض تجريبي وعرض سعر: الرابط في البايو (الروابط داخل المنشور غير قابلة للنقر على إنستغرام).

#من_وراء_الكواليس #نقاط_البيع #برنامج_كاشير #تجارة_التجزئة #لبنان #بيروت #دبي #الرياض #الدوحة #السعودية #قطر #الإمارات #POS","2026-11-07","13:00:00","TRUE","FALSE","FALSE","FALSE","FALSE","TRUE","FALSE","FALSE","FALSE","FALSE","FALSE","https://raw.githubusercontent.com/leapcoder-co/leap-pos-marketing/main/images/instagram/2026-11-07-arabic-bts-01-1080x1350.png","https://raw.githubusercontent.com/leapcoder-co/leap-pos-marketing/main/images/instagram/2026-11-07-arabic-bts-02-1080x1350.png","https://raw.githubusercontent.com/leapcoder-co/leap-pos-marketing/main/images/instagram/2026-11-07-arabic-bts-03-1080x1350.png","https://raw.githubusercontent.com/leapcoder-co/leap-pos-marketing/main/images/instagram/2026-11-07-arabic-bts-04-1080x1350.png","https://raw.githubusercontent.com/leapcoder-co/leap-pos-marketing/main/images/instagram/2026-11-07-arabic-bts-05-1080x1350.png","https://raw.githubusercontent.com/leapcoder-co/leap-pos-marketing/main/images/instagram/2026-11-07-arabic-bts-06-1080x1350.png","https://raw.githubusercontent.com/leapcoder-co/leap-pos-marketing/main/images/instagram/2026-11-07-arabic-bts-07-1080x1350.png","","","","لقطة شاشة من Leap POS","لقطة شاشة من Leap POS","لقطة شاشة من Leap POS","لقطة شاشة من Leap POS","لقطة شاشة من Leap POS","لقطة شاشة من Leap POS","لقطة شاشة من Leap POS","","","","","FALSE","","","","","","","","","","","","","","POST","","","","","","","","","","","","","","","","","","","","","","","","","","","","","","","","","","","","","","","","","","","",""
"Thinking about a new POS? See Leap POS working for your kind of shop. 🗓️

✅ Selling at the counter, online or offline
✅ Your country's currency and tax
✅ Stock, purchasing and cash control
✅ Owner dashboard and reports
✅ Arabic and English

Tell us your shop type, country and number of branches, and we will set up a demo.

💬 Message us on WhatsApp for a demo and a quote: https://wa.me/96178728894?text=Hello%20Leap%20POS%2C%20I%27d%20like%20to%20know%20more%20and%20book%20a%20demo.

#LeapPOS #RetailTech #ShopOwner","2026-11-09","19:30:00","TRUE","TRUE","FALSE","FALSE","FALSE","FALSE","FALSE","FALSE","FALSE","FALSE","FALSE","https://raw.githubusercontent.com/leapcoder-co/leap-pos-marketing/main/images/facebook/2026-11-09-book-demo-1080x1350.png","","","","","","","","","","Leap POS product screenshot","","","","","","","","","","","FALSE","","","","","","","","","","","","","","","","","","","","","","","","","POST","","","","","","","","","","","","","","","","","","","","","","","","","","","","","","","","",""
"Thinking about a new POS? See Leap POS working for your kind of shop. 🗓️

▪️ Selling at the counter, online or offline
▪️ Your country's currency and tax
▪️ Stock, purchasing and cash control
▪️ Owner dashboard and reports
▪️ Arabic and English

Tell us your shop type, country and number of branches, and we will set up a demo.

👉 Message us on WhatsApp for a demo and a quote: tap the link in our bio (links in captions are not clickable on Instagram).

#BookADemo #RetailSoftware #POS #PointOfSale #RetailTech #ShopOwner #SmallBusiness #Lebanon #Beirut #Dubai #UAE #KSA #Riyadh #Qatar","2026-11-09","20:30:00","TRUE","FALSE","FALSE","FALSE","FALSE","TRUE","FALSE","FALSE","FALSE","FALSE","FALSE","https://raw.githubusercontent.com/leapcoder-co/leap-pos-marketing/main/images/instagram/2026-11-09-book-demo-1080x1350.png","","","","","","","","","","Leap POS product screenshot","","","","","","","","","","","FALSE","","","","","","","","","","","","","","POST","","","","","","","","","","","","","","","","","","","","","","","","","","","","","","","","","","","","","","","","","","","",""
"Behind the scenes: why every amount in Leap POS is exact.

→ Money is stored as whole minor units (cents, fils, piastres), never floating point
→ Exchange rates and percentages are exact decimals
→ The till and the server use the same business-rules code
→ The server recomputes every total and rejects mismatches
→ Posted sales and payments are append-only; corrections are reversals

Small engineering choices, big difference when your accountant reconciles the month.

Message us on WhatsApp to book a demo and get a quote: https://wa.me/96178728894?text=Hello%20Leap%20POS%2C%20I%27d%20like%20to%20know%20more%20and%20book%20a%20demo.

#SoftwareEngineering #RetailTech #Fintech","2026-11-09","09:30:00","TRUE","FALSE","FALSE","TRUE","FALSE","FALSE","FALSE","FALSE","FALSE","FALSE","FALSE","https://raw.githubusercontent.com/leapcoder-co/leap-pos-marketing/main/images/linkedin/2026-11-09-exact-money-1200x627.png","","","","","","","","","","Leap POS product screenshot","","","","","","","","","","","FALSE","","","","","","","","","","","","","","","","","","","","","","","","","","","","","","","","","","","","","","","","","","","","","","POST","","","","","","","FALSE","","","","",""
"5 questions shop owners ask us before switching POS. Swipe for the answers ➡️

✅ Does it work without internet?
✅ Can I run shops in different countries?
✅ Arabic and English?
✅ What do I install?
✅ Can I control what cashiers do?

And the 6th question, ""how much?"": message us for a quote based on your shop.

💬 Message us on WhatsApp for a demo and a quote: https://wa.me/96178728894?text=Hello%20Leap%20POS%2C%20I%27d%20like%20to%20know%20more%20and%20book%20a%20demo.

#LeapPOS #RetailTech #ShopOwner","2026-11-10","19:30:00","TRUE","TRUE","FALSE","FALSE","FALSE","FALSE","FALSE","FALSE","FALSE","FALSE","FALSE","https://raw.githubusercontent.com/leapcoder-co/leap-pos-marketing/main/images/facebook/2026-11-10-faq-5-01-1080x1350.png","https://raw.githubusercontent.com/leapcoder-co/leap-pos-marketing/main/images/facebook/2026-11-10-faq-5-02-1080x1350.png","https://raw.githubusercontent.com/leapcoder-co/leap-pos-marketing/main/images/facebook/2026-11-10-faq-5-03-1080x1350.png","https://raw.githubusercontent.com/leapcoder-co/leap-pos-marketing/main/images/facebook/2026-11-10-faq-5-04-1080x1350.png","https://raw.githubusercontent.com/leapcoder-co/leap-pos-marketing/main/images/facebook/2026-11-10-faq-5-05-1080x1350.png","https://raw.githubusercontent.com/leapcoder-co/leap-pos-marketing/main/images/facebook/2026-11-10-faq-5-06-1080x1350.png","https://raw.githubusercontent.com/leapcoder-co/leap-pos-marketing/main/images/facebook/2026-11-10-faq-5-07-1080x1350.png","","","","Leap POS product screenshot","Leap POS product screenshot","Leap POS product screenshot","Leap POS product screenshot","Leap POS product screenshot","Leap POS product screenshot","Leap POS product screenshot","","","","","FALSE","","","","","","","","","","","","","","","","","","","","","","","","","POST","","","","","","","","","","","","","","","","","","","","","","","","","","","","","","","","",""
"5 questions shop owners ask us before switching POS. Swipe for the answers ➡️

▪️ Does it work without internet?
▪️ Can I run shops in different countries?
▪️ Arabic and English?
▪️ What do I install?
▪️ Can I control what cashiers do?

And the 6th question, ""how much?"": message us for a quote based on your shop.

👉 Message us on WhatsApp for a demo and a quote: tap the link in our bio (links in captions are not clickable on Instagram).

#FAQ #RetailSoftware #POS #PointOfSale #RetailTech #ShopOwner #SmallBusiness #Lebanon #Beirut #Dubai #UAE #KSA #Riyadh #Qatar","2026-11-10","20:30:00","TRUE","FALSE","FALSE","FALSE","FALSE","TRUE","FALSE","FALSE","FALSE","FALSE","FALSE","https://raw.githubusercontent.com/leapcoder-co/leap-pos-marketing/main/images/instagram/2026-11-10-faq-5-01-1080x1350.png","https://raw.githubusercontent.com/leapcoder-co/leap-pos-marketing/main/images/instagram/2026-11-10-faq-5-02-1080x1350.png","https://raw.githubusercontent.com/leapcoder-co/leap-pos-marketing/main/images/instagram/2026-11-10-faq-5-03-1080x1350.png","https://raw.githubusercontent.com/leapcoder-co/leap-pos-marketing/main/images/instagram/2026-11-10-faq-5-04-1080x1350.png","https://raw.githubusercontent.com/leapcoder-co/leap-pos-marketing/main/images/instagram/2026-11-10-faq-5-05-1080x1350.png","https://raw.githubusercontent.com/leapcoder-co/leap-pos-marketing/main/images/instagram/2026-11-10-faq-5-06-1080x1350.png","https://raw.githubusercontent.com/leapcoder-co/leap-pos-marketing/main/images/instagram/2026-11-10-faq-5-07-1080x1350.png","","","","Leap POS product screenshot","Leap POS product screenshot","Leap POS product screenshot","Leap POS product screenshot","Leap POS product screenshot","Leap POS product screenshot","Leap POS product screenshot","","","","","FALSE","","","","","","","","","","","","","","POST","","","","","","","","","","","","","","","","","","","","","","","","","","","","","","","","","","","","","","","","","","","",""
"تبحث عن نظام نقاط بيع للبنان أو الخليج؟ دعنا نعرض لك Leap POS.

→ صناديق تعمل دون إنترنت: تطبيق سطح المكتب أو نقطة البيع على المتصفح
→ كيانات لكل بلد بعملته وضريبته
→ المخزون والمشتريات والورديات والنقد
→ تقارير موحّدة للمالك

أخبرنا بعدد الفروع والدول، ونجهّز لك عرضاً مناسباً.

راسلونا على واتساب لحجز عرض تجريبي والحصول على عرض سعر: https://wa.me/96178728894?text=%D9%85%D8%B1%D8%AD%D8%A8%D8%A7%D9%8B%20Leap%20POS%D8%8C%20%D8%A3%D9%88%D8%AF%20%D9%85%D8%B9%D8%B1%D9%81%D8%A9%20%D8%A7%D9%84%D9%85%D8%B2%D9%8A%D8%AF%20%D9%88%D8%AD%D8%AC%D8%B2%20%D8%B9%D8%B1%D8%B6%20%D8%AA%D8%AC%D8%B1%D9%8A%D8%A8%D9%8A.

#نقاط_البيع #RetailTech #GCC","2026-11-10","10:00:00","TRUE","FALSE","FALSE","TRUE","FALSE","FALSE","FALSE","FALSE","FALSE","FALSE","FALSE","https://raw.githubusercontent.com/leapcoder-co/leap-pos-marketing/main/images/linkedin/2026-11-10-book-demo-ar-1200x627.png","","","","","","","","","","لقطة شاشة من Leap POS","","","","","","","","","","","FALSE","","","","","","","","","","","","","","","","","","","","","","","","","","","","","","","","","","","","","","","","","","","","","","POST","","","","","","","FALSE","","","","",""
